{
	"partitions" : [
		{
			"name" : "Top",
			"pins" : [
				{
					"name" : "current_state[0]",
					"strict" : false
				},
				{
					"name" : "current_state[1]",
					"strict" : false
				},
				{
					"name" : "current_state[2]",
					"strict" : false
				},
				{
					"name" : "current_state[3]",
					"strict" : false
				},
				{
					"name" : "SEL[0]",
					"strict" : false
				},
				{
					"name" : "SEL[1]",
					"strict" : false
				},
				{
					"name" : "SEL[2]",
					"strict" : false
				},
				{
					"name" : "SEL[3]",
					"strict" : false
				},
				{
					"name" : "CLOCK",
					"strict" : false
				},
				{
					"name" : "RESET",
					"strict" : false
				}
			]
		}
	]
}