{
	"partitions" : [
		{
			"name" : "Top",
			"pins" : [
				{
					"name" : "saida_val[0]",
					"strict" : false
				},
				{
					"name" : "saida_val[1]",
					"strict" : false
				},
				{
					"name" : "saida_val[2]",
					"strict" : false
				},
				{
					"name" : "saida_val[3]",
					"strict" : false
				},
				{
					"name" : "disp1[0]",
					"strict" : false
				},
				{
					"name" : "disp1[2]",
					"strict" : false
				},
				{
					"name" : "disp1[4]",
					"strict" : false
				},
				{
					"name" : "disp1[5]",
					"strict" : false
				},
				{
					"name" : "disp2[0]",
					"strict" : false
				},
				{
					"name" : "disp2[2]",
					"strict" : false
				},
				{
					"name" : "disp2[4]",
					"strict" : false
				},
				{
					"name" : "disp2[5]",
					"strict" : false
				},
				{
					"name" : "disp3[0]",
					"strict" : false
				},
				{
					"name" : "disp3[2]",
					"strict" : false
				},
				{
					"name" : "disp3[4]",
					"strict" : false
				},
				{
					"name" : "disp3[5]",
					"strict" : false
				},
				{
					"name" : "current_state[0]",
					"strict" : false
				},
				{
					"name" : "current_state[1]",
					"strict" : false
				},
				{
					"name" : "current_state[2]",
					"strict" : false
				},
				{
					"name" : "current_state[3]",
					"strict" : false
				},
				{
					"name" : "ent_top[0]",
					"strict" : false
				},
				{
					"name" : "ent_top[1]",
					"strict" : false
				},
				{
					"name" : "ent_top[2]",
					"strict" : false
				},
				{
					"name" : "ent_top[3]",
					"strict" : false
				},
				{
					"name" : "CLOCK",
					"strict" : false
				},
				{
					"name" : "RESET",
					"strict" : false
				}
			]
		}
	]
}